date,amount,account_id,vendor,category,department,transaction_type,is_duplicate,authorized_vendor,risk_label
2024-01-01,4234,ACC0,MakeMyTrip,Food,HR,expense,0,1,low
2024-01-06,3299,ACC1,MakeMyTrip,Food,HR,expense,0,1,low
2024-01-28,216,ACC2,Swiggy,Electronics,Finance,expense,0,1,low
2024-01-10,1005,ACC3,MakeMyTrip,Software,IT,expense,0,1,low
2024-01-14,127,ACC4,MakeMyTrip,Travel,IT,expense,0,1,low
2024-02-27,3739,ACC5,UnknownVendor,Electronics,HR,expense,0,0,critical
2024-01-13,446247,ACC6,Amazon,Office,HR,expense,0,1,critical
2024-03-27,4518,ACC7,Swiggy,Travel,HR,expense,0,1,low
2024-01-28,2192,ACC8,Uber,Software,HR,expense,0,1,low
2024-02-24,4699,ACC9,Amazon,Office,Operations,expense,0,1,low
2024-02-11,81,ACC10,Uber,Office,Finance,expense,0,1,low
2024-02-28,3698,ACC11,Amazon,Electronics,IT,expense,0,1,low
2024-03-12,1124,ACC12,Flipkart,Food,IT,expense,0,1,low
2024-02-05,1418,ACC13,Swiggy,Office,Finance,expense,0,1,low
2024-02-28,775,ACC14,Swiggy,Electronics,IT,expense,0,1,low
2024-01-17,4270,ACC15,Amazon,Travel,IT,expense,1,1,medium
2024-02-27,3520,ACC16,Amazon,Electronics,Finance,expense,0,1,low
2024-02-14,2803,ACC17,UnknownVendor,Food,IT,expense,0,0,critical
2024-01-09,691,ACC18,Amazon,Food,Operations,expense,0,1,low
2024-02-24,504,ACC19,Uber,Electronics,HR,expense,0,1,low
2024-01-02,1104,ACC20,Amazon,Electronics,HR,expense,0,1,low
2024-01-20,408,ACC21,Flipkart,Food,Operations,expense,0,1,low
2024-02-19,2420,ACC22,UnknownVendor,Office,IT,expense,0,0,critical
2024-02-12,2673,ACC23,Uber,Office,Finance,expense,0,1,low
2024-02-29,1372,ACC24,Swiggy,Travel,IT,expense,0,1,low
2024-02-08,1458,ACC25,Swiggy,Food,Finance,expense,0,1,low
2024-01-05,3006,ACC26,Swiggy,Software,IT,expense,0,1,low
2024-03-19,665,ACC27,Flipkart,Electronics,HR,expense,0,1,low
2024-03-14,211,ACC28,Amazon,Office,Finance,expense,0,1,low
2024-03-17,1512,ACC29,Swiggy,Food,HR,expense,0,1,low
2024-03-07,3487,ACC30,Uber,Office,IT,expense,0,1,low
2024-02-19,2406,ACC31,UnknownVendor,Office,HR,expense,0,0,critical
2024-02-25,571687,ACC32,UnknownVendor,Office,IT,expense,0,0,critical
2024-01-07,1681,ACC33,Uber,Travel,Operations,expense,0,1,low
2024-02-25,3028,ACC34,Flipkart,Electronics,Finance,expense,0,1,low
2024-02-18,3577,ACC35,Flipkart,Software,HR,expense,0,1,low
2024-01-31,1587,ACC36,Swiggy,Travel,Operations,expense,0,1,low
2024-01-22,4149,ACC37,Flipkart,Travel,IT,expense,0,1,low
2024-03-28,4342,ACC38,MakeMyTrip,Travel,Finance,expense,0,1,low
2024-02-06,4946,ACC39,Amazon,Office,Finance,expense,0,1,low
2024-03-02,303,ACC40,Uber,Software,IT,expense,0,1,low
2024-01-27,1187,ACC41,Swiggy,Software,IT,expense,0,1,low
2024-02-24,2410,ACC42,Uber,Software,Operations,expense,0,1,low
2024-03-21,1373,ACC43,Amazon,Software,Finance,expense,0,1,low
2024-02-06,3373,ACC44,Uber,Electronics,Operations,expense,0,1,low
2024-03-06,856,ACC45,Flipkart,Software,Operations,expense,0,1,low
2024-03-24,1068,ACC46,MakeMyTrip,Electronics,Finance,expense,0,1,low
2024-03-21,839,ACC47,Flipkart,Software,IT,expense,0,1,low
2024-02-03,3074,ACC48,MakeMyTrip,Electronics,HR,expense,0,1,low
2024-01-12,716,ACC49,UnknownVendor,Electronics,HR,expense,0,0,critical
2024-02-28,2678,ACC50,Swiggy,Software,Operations,expense,0,1,low
2024-02-25,752,ACC51,Swiggy,Travel,HR,expense,0,1,low
2024-01-22,2950,ACC52,MakeMyTrip,Software,Operations,expense,0,1,low
2024-01-22,2403,ACC53,Flipkart,Food,Operations,expense,0,1,low
2024-02-26,2257,ACC54,Flipkart,Travel,Operations,expense,0,1,low
2024-03-21,3048,ACC55,MakeMyTrip,Food,Operations,expense,0,1,low
2024-01-05,79,ACC56,Uber,Food,IT,expense,0,1,low
2024-01-22,2567,ACC57,Uber,Software,HR,expense,0,1,low
2024-01-01,3689,ACC58,Amazon,Food,IT,expense,0,1,low
2024-03-13,659,ACC59,Flipkart,Food,Finance,expense,0,1,low
2024-02-06,650947,ACC60,UnknownVendor,Software,Operations,expense,0,0,critical
2024-01-01,79209,ACC61,Flipkart,Electronics,Operations,expense,0,1,critical
2024-01-19,3951,ACC62,Swiggy,Software,Operations,expense,0,1,low
2024-03-07,673,ACC63,Uber,Food,Finance,expense,0,1,low
2024-01-15,646949,ACC64,Uber,Electronics,Finance,expense,0,1,critical
2024-03-13,378,ACC65,UnknownVendor,Office,HR,expense,0,0,critical
2024-02-02,3559,ACC66,Amazon,Software,HR,expense,0,1,low
2024-01-27,4361,ACC67,MakeMyTrip,Travel,HR,expense,0,1,low
2024-02-19,1705,ACC68,MakeMyTrip,Food,HR,expense,0,1,low
2024-01-16,1729,ACC69,Amazon,Electronics,Finance,expense,0,1,low
2024-01-08,2520,ACC70,MakeMyTrip,Electronics,Operations,expense,0,1,low
2024-03-07,1800,ACC71,MakeMyTrip,Software,HR,expense,0,1,low
2024-01-09,422,ACC72,Flipkart,Travel,IT,expense,1,1,medium
2024-01-07,1685,ACC73,Flipkart,Software,Finance,expense,0,1,low
2024-02-28,287,ACC74,UnknownVendor,Electronics,HR,expense,0,0,critical
2024-01-16,348,ACC75,MakeMyTrip,Travel,Finance,expense,0,1,low
2024-02-08,4434,ACC76,Uber,Electronics,Finance,expense,0,1,low
2024-02-03,500,ACC77,Uber,Food,IT,expense,0,1,low
2024-03-11,3468,ACC78,Uber,Office,Operations,expense,0,1,low
2024-03-15,271509,ACC79,Swiggy,Software,Finance,expense,0,1,critical
2024-02-08,136,ACC80,Amazon,Electronics,Finance,expense,0,1,low
2024-03-16,207,ACC81,MakeMyTrip,Office,IT,expense,0,1,low
2024-01-28,1435,ACC82,Uber,Food,IT,expense,0,1,low
2024-02-06,4051,ACC83,UnknownVendor,Travel,IT,expense,0,0,critical
2024-01-24,1216,ACC84,Flipkart,Food,Finance,expense,0,1,low
2024-02-26,4070,ACC85,Uber,Electronics,Operations,expense,0,1,low
2024-01-19,1812,ACC86,Swiggy,Travel,Operations,expense,0,1,low
2024-02-19,4971,ACC87,Swiggy,Travel,Operations,expense,0,1,low
2024-02-07,1052,ACC88,MakeMyTrip,Food,Finance,expense,0,1,low
2024-02-03,4779,ACC89,Amazon,Office,HR,expense,0,1,low
2024-03-29,2368,ACC90,Swiggy,Office,IT,expense,0,1,low
2024-02-23,1193,ACC91,MakeMyTrip,Electronics,Finance,expense,0,1,low
2024-02-14,1195,ACC92,MakeMyTrip,Software,IT,expense,0,1,low
2024-03-06,1355,ACC93,MakeMyTrip,Travel,Operations,expense,0,1,low
2024-02-18,1148,ACC94,MakeMyTrip,Electronics,IT,expense,1,1,medium
2024-02-23,3178,ACC95,Flipkart,Food,Operations,expense,0,1,low
2024-01-30,80,ACC96,Swiggy,Office,Operations,expense,0,1,low
2024-01-22,748877,ACC97,UnknownVendor,Electronics,HR,expense,0,0,critical
2024-02-09,2718,ACC98,Amazon,Electronics,HR,expense,0,1,low
2024-02-01,1521,ACC99,Swiggy,Software,Operations,expense,0,1,low
2024-01-16,547731,ACC100,Uber,Travel,Operations,expense,0,1,critical
2024-03-09,1799,ACC101,Swiggy,Office,Finance,expense,0,1,low
2024-03-12,1115,ACC102,Swiggy,Office,Finance,expense,0,1,low
2024-03-19,278,ACC103,Amazon,Food,Operations,expense,1,1,medium
2024-01-21,523,ACC104,Amazon,Office,IT,expense,0,1,low
2024-03-11,3443,ACC105,Flipkart,Software,IT,expense,0,1,low
2024-02-25,1272,ACC106,Swiggy,Food,HR,expense,0,1,low
2024-03-18,873,ACC107,Flipkart,Food,IT,expense,0,1,low
2024-01-26,3587,ACC108,Amazon,Electronics,Operations,expense,0,1,low
2024-03-03,3191,ACC109,MakeMyTrip,Travel,HR,expense,0,1,low
2024-02-15,558,ACC110,Swiggy,Office,IT,expense,0,1,low
2024-03-09,275,ACC111,Swiggy,Food,IT,expense,0,1,low
2024-03-16,2226,ACC112,Flipkart,Electronics,IT,expense,0,1,low
2024-01-10,3118,ACC113,UnknownVendor,Office,Operations,expense,0,0,critical
2024-01-29,3579,ACC114,Uber,Food,Finance,expense,0,1,low
2024-01-18,3840,ACC115,Swiggy,Electronics,Operations,expense,1,1,medium
2024-01-20,1788,ACC116,Swiggy,Travel,HR,expense,0,1,low
2024-02-22,3936,ACC117,Flipkart,Electronics,IT,expense,0,1,low
2024-03-04,4268,ACC118,UnknownVendor,Travel,Finance,expense,0,0,critical
2024-01-08,26588,ACC119,Swiggy,Office,Finance,expense,0,1,high
2024-02-11,4225,ACC120,UnknownVendor,Software,Operations,expense,0,0,critical
2024-02-28,2657,ACC121,Swiggy,Office,Finance,expense,0,1,low
2024-02-11,4219,ACC122,MakeMyTrip,Travel,IT,expense,0,1,low
2024-03-07,549,ACC123,UnknownVendor,Food,Finance,expense,0,0,critical
2024-03-27,633099,ACC124,MakeMyTrip,Travel,Operations,expense,0,1,critical
2024-03-31,3433,ACC125,Swiggy,Office,HR,expense,1,1,medium
2024-01-21,454,ACC126,Amazon,Software,HR,expense,0,1,low
2024-01-31,989,ACC127,Swiggy,Travel,Operations,expense,0,1,low
2024-02-29,1512,ACC128,Amazon,Office,HR,expense,0,1,low
2024-01-10,184,ACC129,Flipkart,Electronics,HR,expense,0,1,low
2024-03-25,1926,ACC130,Uber,Software,HR,expense,0,1,low
2024-01-29,2136,ACC131,UnknownVendor,Electronics,IT,expense,0,0,critical
2024-03-17,3639,ACC132,Amazon,Office,Finance,expense,0,1,low
2024-03-27,405,ACC133,Uber,Office,Operations,expense,0,1,low
2024-01-01,3026,ACC134,UnknownVendor,Office,Finance,expense,0,0,critical
2024-03-18,811,ACC135,Swiggy,Food,IT,expense,0,1,low
2024-01-11,707,ACC136,Amazon,Food,HR,expense,0,1,low
2024-01-14,4516,ACC137,Swiggy,Travel,HR,expense,1,1,medium
2024-03-02,2999,ACC138,Swiggy,Food,HR,expense,0,1,low
2024-02-21,3391,ACC139,Flipkart,Office,Finance,expense,0,1,low
2024-02-15,930206,ACC140,Uber,Travel,HR,expense,0,1,critical
2024-01-18,2470,ACC141,MakeMyTrip,Office,IT,expense,0,1,low
2024-01-04,1172,ACC142,Uber,Food,HR,expense,1,1,medium
2024-02-20,4688,ACC143,Uber,Travel,IT,expense,0,1,low
2024-01-21,3887,ACC144,Uber,Electronics,IT,expense,0,1,low
2024-03-02,598,ACC145,UnknownVendor,Office,IT,expense,0,0,critical
2024-01-17,2908,ACC146,MakeMyTrip,Software,Operations,expense,1,1,medium
2024-02-06,3981,ACC147,Uber,Food,Finance,expense,0,1,low
2024-01-20,1267,ACC148,UnknownVendor,Food,Finance,expense,0,0,critical
2024-01-13,429315,ACC149,Amazon,Travel,Finance,expense,0,1,critical
2024-01-13,3260,ACC150,Flipkart,Office,Finance,expense,0,1,low
2024-03-16,4948,ACC151,Amazon,Software,Finance,expense,0,1,low
2024-02-10,3216,ACC152,Flipkart,Travel,IT,expense,0,1,low
2024-02-25,194568,ACC153,Swiggy,Food,HR,expense,0,1,critical
2024-02-16,1261,ACC154,Uber,Food,IT,expense,0,1,low
2024-03-13,1751,ACC155,Flipkart,Travel,Operations,expense,0,1,low
2024-03-11,2094,ACC156,Amazon,Office,Finance,expense,1,1,medium
2024-03-18,3240,ACC157,Swiggy,Office,Operations,expense,0,1,low
2024-03-07,3225,ACC158,Swiggy,Software,Operations,expense,0,1,low
2024-03-20,1729,ACC159,Swiggy,Electronics,IT,expense,0,1,low
2024-01-15,4705,ACC160,UnknownVendor,Food,Operations,expense,0,0,critical
2024-01-29,1528,ACC161,Flipkart,Food,Operations,expense,0,1,low
2024-01-14,3830,ACC162,Flipkart,Food,IT,expense,0,1,low
2024-01-27,640727,ACC163,UnknownVendor,Food,IT,expense,0,0,critical
2024-03-07,1473,ACC164,Amazon,Travel,Operations,expense,0,1,low
2024-03-25,750,ACC165,MakeMyTrip,Food,IT,expense,0,1,low
2024-01-04,4815,ACC166,UnknownVendor,Food,HR,expense,0,0,critical
2024-02-06,914,ACC167,UnknownVendor,Electronics,IT,expense,0,0,critical
2024-01-15,726,ACC168,Swiggy,Travel,HR,expense,0,1,low
2024-02-26,1229,ACC169,MakeMyTrip,Food,HR,expense,0,1,low
2024-02-06,1887,ACC170,UnknownVendor,Electronics,IT,expense,0,0,critical
2024-01-28,1130,ACC171,Uber,Electronics,Operations,expense,0,1,low
2024-01-26,1292,ACC172,UnknownVendor,Electronics,HR,expense,0,0,critical
2024-02-08,3719,ACC173,Swiggy,Electronics,IT,expense,0,1,low
2024-03-28,4271,ACC174,Flipkart,Travel,HR,expense,0,1,low
2024-03-14,4793,ACC175,Amazon,Software,HR,expense,0,1,low
2024-01-05,3466,ACC176,Swiggy,Food,Finance,expense,0,1,low
2024-02-04,4198,ACC177,Amazon,Food,HR,expense,0,1,low
2024-03-26,1929,ACC178,Swiggy,Software,Operations,expense,0,1,low
2024-02-08,3266,ACC179,Uber,Office,IT,expense,0,1,low
2024-02-10,3708,ACC180,Swiggy,Office,HR,expense,0,1,low
2024-02-05,180,ACC181,Flipkart,Software,Finance,expense,0,1,low
2024-02-04,4467,ACC182,UnknownVendor,Travel,Operations,expense,0,0,critical
2024-03-30,980860,ACC183,Swiggy,Food,IT,expense,0,1,critical
2024-02-13,3101,ACC184,Swiggy,Travel,IT,expense,0,1,low
2024-03-02,183,ACC185,UnknownVendor,Electronics,IT,expense,0,0,critical
2024-01-16,1269,ACC186,MakeMyTrip,Travel,IT,expense,0,1,low
2024-02-13,2724,ACC187,Flipkart,Travel,Finance,expense,0,1,low
2024-02-15,2269,ACC188,Swiggy,Software,IT,expense,0,1,low
2024-01-24,1749,ACC189,Flipkart,Travel,IT,expense,0,1,low
2024-02-18,3518,ACC190,Amazon,Travel,HR,expense,0,1,low
2024-03-25,150,ACC191,Flipkart,Food,Operations,expense,0,1,low
2024-01-12,595410,ACC192,Swiggy,Software,IT,expense,0,1,critical
2024-01-18,4326,ACC193,Amazon,Food,Operations,expense,0,1,low
2024-03-22,293,ACC194,UnknownVendor,Office,Operations,expense,0,0,critical
2024-02-12,1645,ACC195,Amazon,Food,HR,expense,0,1,low
2024-01-16,4360,ACC196,UnknownVendor,Electronics,HR,expense,0,0,critical
2024-01-13,2599,ACC197,Uber,Food,Finance,expense,0,1,low
2024-02-01,2833,ACC198,MakeMyTrip,Electronics,HR,expense,0,1,low
2024-02-09,2401,ACC199,Uber,Food,IT,expense,0,1,low
2024-03-06,3836,ACC200,Flipkart,Office,Operations,expense,0,1,low
2024-01-06,4372,ACC201,Flipkart,Office,Finance,expense,0,1,low
2024-03-09,3660,ACC202,Swiggy,Software,Operations,expense,0,1,low
2024-03-26,1857,ACC203,MakeMyTrip,Office,HR,expense,0,1,low
2024-01-07,2426,ACC204,Uber,Software,HR,expense,0,1,low
2024-01-27,4917,ACC205,Uber,Food,IT,expense,0,1,low
2024-01-17,10490,ACC206,UnknownVendor,Office,IT,expense,0,0,critical
2024-02-29,2009,ACC207,UnknownVendor,Software,IT,expense,0,0,critical
2024-01-08,1727,ACC208,Amazon,Office,HR,expense,0,1,low
2024-03-16,335,ACC209,Swiggy,Food,Operations,expense,0,1,low
2024-01-14,3328,ACC210,Flipkart,Office,HR,expense,0,1,low
2024-01-25,1048,ACC211,MakeMyTrip,Electronics,HR,expense,0,1,low
2024-02-08,3460,ACC212,MakeMyTrip,Electronics,Finance,expense,1,1,medium
2024-01-24,246,ACC213,MakeMyTrip,Office,Operations,expense,0,1,low
2024-03-05,2776,ACC214,MakeMyTrip,Food,Finance,expense,0,1,low
2024-02-28,192882,ACC215,UnknownVendor,Travel,Finance,expense,1,0,critical
2024-02-06,732,ACC216,Swiggy,Software,HR,expense,0,1,low
2024-02-28,4972,ACC217,Swiggy,Electronics,Finance,expense,0,1,low
2024-01-05,3818,ACC218,Amazon,Office,IT,expense,0,1,low
2024-03-12,3702,ACC219,Swiggy,Software,Operations,expense,0,1,low
2024-03-03,4148,ACC220,Flipkart,Software,IT,expense,0,1,low
2024-03-06,4684,ACC221,UnknownVendor,Electronics,IT,expense,0,0,critical
2024-01-28,4074,ACC222,Amazon,Office,Finance,expense,0,1,low
2024-03-20,2696,ACC223,Swiggy,Office,Operations,expense,0,1,low
2024-01-25,483,ACC224,Flipkart,Electronics,Operations,expense,0,1,low
2024-02-22,2902,ACC225,Swiggy,Office,Finance,expense,0,1,low
2024-03-14,4224,ACC226,UnknownVendor,Food,HR,expense,0,0,critical
2024-01-12,2810,ACC227,UnknownVendor,Office,IT,expense,0,0,critical
2024-02-26,4010,ACC228,UnknownVendor,Electronics,Operations,expense,0,0,critical
2024-01-07,1895,ACC229,Swiggy,Software,Finance,expense,0,1,low
2024-03-12,3543,ACC230,Swiggy,Electronics,IT,expense,0,1,low
2024-01-29,375,ACC231,Amazon,Food,Operations,expense,0,1,low
2024-01-23,1477,ACC232,MakeMyTrip,Office,Operations,expense,0,1,low
2024-03-08,4837,ACC233,Uber,Food,Operations,expense,0,1,low
2024-02-22,878,ACC234,Uber,Food,HR,expense,0,1,low
2024-02-07,4818,ACC235,Swiggy,Food,Operations,expense,0,1,low
2024-03-26,1437,ACC236,Swiggy,Software,HR,expense,1,1,medium
2024-03-02,4666,ACC237,Flipkart,Travel,IT,expense,0,1,low
2024-03-26,3608,ACC238,Swiggy,Software,IT,expense,0,1,low
2024-02-16,719,ACC239,Swiggy,Food,Finance,expense,0,1,low
2024-03-24,1937,ACC240,Flipkart,Travel,HR,expense,0,1,low
2024-02-15,764,ACC241,Uber,Electronics,Finance,expense,0,1,low
2024-01-14,3748,ACC242,Swiggy,Electronics,IT,expense,0,1,low
2024-03-23,4959,ACC243,Amazon,Travel,Operations,expense,1,1,medium
2024-02-10,4713,ACC244,UnknownVendor,Travel,Finance,expense,0,0,critical
2024-03-28,3126,ACC245,Swiggy,Food,Operations,expense,0,1,low
2024-03-03,1096,ACC246,MakeMyTrip,Office,Operations,expense,1,1,medium
2024-03-16,1987,ACC247,Flipkart,Electronics,IT,expense,0,1,low
2024-01-15,956,ACC248,Flipkart,Software,Finance,expense,0,1,low
2024-02-22,3958,ACC249,Flipkart,Electronics,HR,expense,0,1,low
2024-02-03,780,ACC250,Uber,Food,IT,expense,0,1,low
2024-01-12,1848,ACC251,Amazon,Electronics,IT,expense,0,1,low
2024-03-11,739,ACC252,UnknownVendor,Office,IT,expense,0,0,critical
2024-03-25,1412,ACC253,MakeMyTrip,Software,Finance,expense,0,1,low
2024-03-26,100404,ACC254,Flipkart,Travel,HR,expense,0,1,critical
2024-01-12,1035,ACC255,MakeMyTrip,Travel,IT,expense,0,1,low
2024-03-27,4369,ACC256,MakeMyTrip,Office,Operations,expense,0,1,low
2024-03-18,2055,ACC257,MakeMyTrip,Electronics,IT,expense,0,1,low
2024-02-11,2202,ACC258,UnknownVendor,Food,IT,expense,0,0,critical
2024-01-05,752,ACC259,Swiggy,Office,Operations,expense,0,1,low
2024-01-27,4045,ACC260,UnknownVendor,Software,Finance,expense,0,0,critical
2024-03-23,645,ACC261,Swiggy,Office,HR,expense,0,1,low
2024-03-01,3932,ACC262,Swiggy,Food,Finance,expense,0,1,low
2024-03-23,3849,ACC263,Flipkart,Food,IT,expense,0,1,low
2024-03-30,2072,ACC264,Swiggy,Electronics,Operations,expense,0,1,low
2024-03-09,3609,ACC265,Amazon,Electronics,IT,expense,0,1,low
2024-03-02,1507,ACC266,Amazon,Office,Operations,expense,0,1,low
2024-02-11,365,ACC267,UnknownVendor,Office,Finance,expense,0,0,critical
2024-02-15,4068,ACC268,UnknownVendor,Food,Finance,expense,0,0,critical
2024-02-14,4053,ACC269,MakeMyTrip,Office,IT,expense,0,1,low
2024-02-03,1543,ACC270,UnknownVendor,Travel,Operations,expense,0,0,critical
2024-02-15,4442,ACC271,Amazon,Software,HR,expense,0,1,low
2024-02-20,2178,ACC272,Amazon,Travel,Operations,expense,0,1,low
2024-01-13,2382,ACC273,MakeMyTrip,Office,Operations,expense,0,1,low
2024-01-30,3513,ACC274,Uber,Office,HR,expense,0,1,low
2024-01-17,421,ACC275,UnknownVendor,Software,HR,expense,0,0,critical
2024-03-29,2805,ACC276,Amazon,Office,HR,expense,0,1,low
2024-03-19,4373,ACC277,UnknownVendor,Travel,Finance,expense,0,0,critical
2024-01-24,1482,ACC278,Uber,Electronics,IT,expense,0,1,low
2024-01-29,2225,ACC279,Swiggy,Food,Finance,expense,0,1,low
2024-01-16,4037,ACC280,Flipkart,Travel,Operations,expense,0,1,low
2024-02-18,26920,ACC281,Amazon,Office,IT,expense,0,1,high
2024-01-05,4502,ACC282,UnknownVendor,Office,IT,expense,0,0,critical
2024-01-24,2043,ACC283,UnknownVendor,Software,IT,expense,1,0,critical
2024-01-10,3618,ACC284,Swiggy,Food,HR,expense,0,1,low
2024-03-01,1261,ACC285,Flipkart,Travel,Operations,expense,0,1,low
2024-01-19,4929,ACC286,Uber,Software,Finance,expense,0,1,low
2024-02-02,4682,ACC287,Swiggy,Electronics,Finance,expense,0,1,low
2024-03-27,2437,ACC288,Swiggy,Travel,Operations,expense,0,1,low
2024-03-22,382,ACC289,Swiggy,Electronics,Operations,expense,0,1,low
2024-02-01,2884,ACC290,Swiggy,Electronics,IT,expense,0,1,low
2024-01-19,2123,ACC291,Amazon,Food,IT,expense,0,1,low
2024-02-28,3832,ACC292,Flipkart,Office,Operations,expense,0,1,low
2024-01-06,4897,ACC293,UnknownVendor,Software,Operations,expense,0,0,critical
2024-02-19,3674,ACC294,UnknownVendor,Software,HR,expense,0,0,critical
2024-01-14,2814,ACC295,Swiggy,Food,IT,expense,0,1,low
2024-02-15,3305,ACC296,UnknownVendor,Travel,HR,expense,1,0,critical
2024-01-25,1550,ACC297,Uber,Travel,Finance,expense,0,1,low
2024-03-02,2466,ACC298,Flipkart,Travel,Finance,expense,0,1,low
2024-02-14,1216,ACC299,Uber,Electronics,IT,expense,0,1,low
2024-03-23,1021,ACC300,MakeMyTrip,Office,HR,expense,0,1,low
2024-02-25,3773,ACC301,Amazon,Software,HR,expense,1,1,medium
2024-01-23,4168,ACC302,UnknownVendor,Travel,HR,expense,0,0,critical
2024-02-03,1078,ACC303,MakeMyTrip,Travel,Operations,expense,0,1,low
2024-03-24,2883,ACC304,UnknownVendor,Travel,HR,expense,0,0,critical
2024-02-21,968,ACC305,MakeMyTrip,Travel,Finance,expense,0,1,low
2024-02-04,2892,ACC306,Flipkart,Electronics,HR,expense,1,1,medium
2024-01-21,2622,ACC307,Amazon,Food,Finance,expense,0,1,low
2024-01-13,3868,ACC308,MakeMyTrip,Office,Operations,expense,0,1,low
2024-03-15,865,ACC309,UnknownVendor,Electronics,Finance,expense,0,0,critical
2024-03-17,2409,ACC310,Uber,Travel,Operations,expense,0,1,low
2024-01-18,3859,ACC311,Swiggy,Electronics,IT,expense,0,1,low
2024-02-24,4369,ACC312,Amazon,Food,Operations,expense,0,1,low
2024-02-03,3826,ACC313,Uber,Food,Finance,expense,0,1,low
2024-03-21,128,ACC314,MakeMyTrip,Software,HR,expense,0,1,low
2024-01-29,3619,ACC315,MakeMyTrip,Electronics,Finance,expense,0,1,low
2024-01-08,3875,ACC316,Flipkart,Travel,HR,expense,0,1,low
2024-03-09,4972,ACC317,Uber,Software,IT,expense,0,1,low
2024-01-07,1638,ACC318,Swiggy,Electronics,IT,expense,0,1,low
2024-02-08,893,ACC319,Amazon,Travel,IT,expense,0,1,low
2024-01-31,822,ACC320,Amazon,Food,Operations,expense,1,1,medium
2024-03-28,4261,ACC321,UnknownVendor,Office,HR,expense,0,0,critical
2024-02-29,1886,ACC322,Uber,Software,HR,expense,0,1,low
2024-01-13,4801,ACC323,MakeMyTrip,Office,Operations,expense,0,1,low
2024-03-14,1247,ACC324,Uber,Software,IT,expense,0,1,low
2024-01-17,3949,ACC325,Uber,Office,HR,expense,0,1,low
2024-03-31,114,ACC326,UnknownVendor,Software,HR,expense,0,0,critical
2024-02-28,1998,ACC327,Swiggy,Travel,Finance,expense,0,1,low
2024-02-02,3936,ACC328,Uber,Office,Finance,expense,0,1,low
2024-02-09,4220,ACC329,Swiggy,Office,HR,expense,0,1,low
2024-02-12,752,ACC330,MakeMyTrip,Office,Operations,expense,0,1,low
2024-02-23,4749,ACC331,Uber,Electronics,Operations,expense,0,1,low
2024-01-31,2841,ACC332,UnknownVendor,Software,Operations,expense,0,0,critical
2024-03-29,224,ACC333,Amazon,Food,Operations,expense,0,1,low
2024-01-21,4843,ACC334,Uber,Office,HR,expense,0,1,low
2024-01-11,2782,ACC335,Amazon,Travel,HR,expense,0,1,low
2024-01-20,846,ACC336,UnknownVendor,Software,Operations,expense,0,0,critical
2024-02-11,1859,ACC337,Amazon,Office,HR,expense,0,1,low
2024-03-28,4179,ACC338,Amazon,Office,Operations,expense,1,1,medium
2024-03-31,4967,ACC339,Uber,Office,IT,expense,0,1,low
2024-02-11,3693,ACC340,UnknownVendor,Electronics,IT,expense,0,0,critical
2024-03-24,1737,ACC341,MakeMyTrip,Travel,Finance,expense,0,1,low
2024-03-29,2001,ACC342,Flipkart,Office,HR,expense,1,1,medium
2024-03-02,487,ACC343,Amazon,Food,IT,expense,0,1,low
2024-02-21,2591,ACC344,Uber,Software,Finance,expense,0,1,low
2024-02-12,3523,ACC345,Swiggy,Electronics,IT,expense,0,1,low
2024-02-07,294,ACC346,Amazon,Travel,Operations,expense,1,1,medium
2024-03-07,4040,ACC347,UnknownVendor,Travel,IT,expense,0,0,critical
2024-02-07,2678,ACC348,Flipkart,Electronics,Finance,expense,0,1,low
2024-03-11,2353,ACC349,UnknownVendor,Travel,Finance,expense,0,0,critical
2024-02-12,1949,ACC350,Swiggy,Travel,Operations,expense,0,1,low
2024-01-28,308,ACC351,Uber,Travel,Operations,expense,0,1,low
2024-01-28,1141,ACC352,Amazon,Software,Finance,expense,1,1,medium
2024-03-05,1497,ACC353,UnknownVendor,Electronics,Operations,expense,0,0,critical
2024-02-21,4891,ACC354,Uber,Software,HR,expense,0,1,low
2024-02-07,4009,ACC355,Uber,Software,IT,expense,0,1,low
2024-03-14,3585,ACC356,Swiggy,Office,Operations,expense,0,1,low
2024-02-25,1495,ACC357,Flipkart,Software,Operations,expense,0,1,low
2024-01-01,409,ACC358,Amazon,Software,Finance,expense,0,1,low
2024-02-04,2852,ACC359,Uber,Software,IT,expense,0,1,low
2024-03-02,1916,ACC360,Swiggy,Electronics,HR,expense,0,1,low
2024-03-04,4487,ACC361,Amazon,Office,IT,expense,0,1,low
2024-02-04,729,ACC362,Swiggy,Food,Operations,expense,0,1,low
2024-02-06,2902,ACC363,Swiggy,Office,HR,expense,0,1,low
2024-03-04,79,ACC364,Flipkart,Electronics,HR,expense,0,1,low
2024-03-09,94,ACC365,Flipkart,Food,IT,expense,0,1,low
2024-01-26,4526,ACC366,Flipkart,Office,Finance,expense,0,1,low
2024-03-22,2523,ACC367,Flipkart,Office,Operations,expense,0,1,low
2024-02-03,3821,ACC368,UnknownVendor,Travel,Finance,expense,0,0,critical
2024-02-23,2465,ACC369,MakeMyTrip,Food,HR,expense,0,1,low
2024-03-03,4477,ACC370,Uber,Travel,Operations,expense,0,1,low
2024-01-15,3573,ACC371,MakeMyTrip,Office,HR,expense,0,1,low
2024-03-10,649,ACC372,MakeMyTrip,Travel,Operations,expense,0,1,low
2024-03-19,1435,ACC373,Uber,Office,HR,expense,0,1,low
2024-01-24,1448,ACC374,Amazon,Office,IT,expense,0,1,low
2024-03-29,4979,ACC375,Flipkart,Office,HR,expense,0,1,low
2024-03-27,1670,ACC376,Amazon,Office,Operations,expense,0,1,low
2024-02-16,3102,ACC377,UnknownVendor,Office,Finance,expense,0,0,critical
2024-03-10,2990,ACC378,Swiggy,Software,HR,expense,0,1,low
2024-01-23,1706,ACC379,Uber,Food,HR,expense,0,1,low
2024-03-06,3115,ACC380,Uber,Electronics,HR,expense,0,1,low
2024-03-01,3638,ACC381,MakeMyTrip,Travel,HR,expense,0,1,low
2024-02-01,715,ACC382,UnknownVendor,Food,Finance,expense,0,0,critical
2024-03-16,1685,ACC383,Uber,Electronics,Finance,expense,0,1,low
2024-03-05,664,ACC384,MakeMyTrip,Electronics,IT,expense,0,1,low
2024-01-27,3299,ACC385,Flipkart,Electronics,HR,expense,0,1,low
2024-02-06,4294,ACC386,Swiggy,Office,IT,expense,0,1,low
2024-03-08,4882,ACC387,MakeMyTrip,Electronics,Operations,expense,0,1,low
2024-02-06,2391,ACC388,UnknownVendor,Electronics,HR,expense,0,0,critical
2024-02-11,2964,ACC389,Uber,Travel,IT,expense,0,1,low
2024-02-10,1235,ACC390,MakeMyTrip,Food,HR,expense,0,1,low
2024-03-18,956,ACC391,MakeMyTrip,Electronics,Operations,expense,0,1,low
2024-02-11,4883,ACC392,Amazon,Software,IT,expense,0,1,low
2024-02-03,17794,ACC393,Flipkart,Travel,HR,expense,1,1,high
2024-01-16,2504,ACC394,UnknownVendor,Travel,IT,expense,0,0,critical
2024-02-18,930,ACC395,UnknownVendor,Software,Operations,expense,1,0,critical
2024-03-20,2221,ACC396,Amazon,Travel,Finance,expense,0,1,low
2024-01-23,684421,ACC397,Uber,Software,Finance,expense,0,1,critical
2024-02-25,1659,ACC398,Swiggy,Food,IT,expense,0,1,low
2024-03-10,3923,ACC399,Swiggy,Electronics,Finance,expense,0,1,low
2024-03-29,60044,ACC400,Uber,Office,Operations,expense,0,1,critical
2024-03-20,3055,ACC401,Swiggy,Travel,IT,expense,0,1,low
2024-02-07,3443,ACC402,MakeMyTrip,Software,Finance,expense,0,1,low
2024-01-25,3099,ACC403,Swiggy,Electronics,Operations,expense,0,1,low
2024-03-06,4477,ACC404,Flipkart,Office,HR,expense,0,1,low
2024-01-03,450,ACC405,Swiggy,Travel,IT,expense,0,1,low
2024-02-25,1086,ACC406,MakeMyTrip,Software,IT,expense,0,1,low
2024-01-25,4342,ACC407,MakeMyTrip,Food,Operations,expense,0,1,low
2024-01-07,2398,ACC408,Flipkart,Travel,IT,expense,0,1,low
2024-03-09,3322,ACC409,Flipkart,Software,Operations,expense,0,1,low
2024-03-09,3473,ACC410,Amazon,Software,HR,expense,0,1,low
2024-02-16,3856,ACC411,Flipkart,Electronics,HR,expense,0,1,low
2024-03-06,155,ACC412,MakeMyTrip,Travel,HR,expense,0,1,low
2024-03-11,2022,ACC413,Uber,Food,IT,expense,0,1,low
2024-03-08,3720,ACC414,Amazon,Food,HR,expense,0,1,low
2024-03-28,4027,ACC415,Flipkart,Travel,Operations,expense,1,1,medium
2024-02-29,339,ACC416,UnknownVendor,Electronics,IT,expense,0,0,critical
2024-03-18,4218,ACC417,Uber,Electronics,IT,expense,0,1,low
2024-01-17,2912,ACC418,MakeMyTrip,Travel,HR,expense,0,1,low
2024-03-06,320,ACC419,MakeMyTrip,Office,IT,expense,0,1,low
2024-03-29,2520,ACC420,Amazon,Electronics,Operations,expense,0,1,low
2024-03-17,3028,ACC421,Swiggy,Electronics,Operations,expense,0,1,low
2024-02-18,325,ACC422,Uber,Office,HR,expense,0,1,low
2024-03-25,4011,ACC423,Swiggy,Travel,HR,expense,0,1,low
2024-02-05,4101,ACC424,UnknownVendor,Electronics,Finance,expense,0,0,critical
2024-02-29,2327,ACC425,Swiggy,Travel,Operations,expense,0,1,low
2024-01-13,3486,ACC426,MakeMyTrip,Software,HR,expense,0,1,low
2024-03-18,404,ACC427,Amazon,Food,Finance,expense,0,1,low
2024-02-29,2897,ACC428,Flipkart,Electronics,IT,expense,0,1,low
2024-02-13,1394,ACC429,MakeMyTrip,Software,Finance,expense,0,1,low
2024-01-14,2057,ACC430,Swiggy,Food,Operations,expense,0,1,low
2024-01-22,3923,ACC431,UnknownVendor,Food,Operations,expense,0,0,critical
2024-02-10,776,ACC432,Uber,Office,Finance,expense,0,1,low
2024-03-22,3588,ACC433,UnknownVendor,Software,HR,expense,0,0,critical
2024-03-21,136,ACC434,Flipkart,Software,IT,expense,0,1,low
2024-01-15,4264,ACC435,MakeMyTrip,Office,IT,expense,0,1,low
2024-02-01,4490,ACC436,MakeMyTrip,Travel,HR,expense,0,1,low
2024-03-16,319,ACC437,MakeMyTrip,Electronics,Operations,expense,0,1,low
2024-02-12,2781,ACC438,MakeMyTrip,Office,IT,expense,0,1,low
2024-03-21,3992,ACC439,Amazon,Travel,HR,expense,0,1,low
2024-01-19,929924,ACC440,UnknownVendor,Software,IT,expense,0,0,critical
2024-01-13,4229,ACC441,Uber,Software,HR,expense,0,1,low
2024-01-04,2873,ACC442,Flipkart,Office,Operations,expense,0,1,low
2024-03-13,4607,ACC443,Swiggy,Software,Operations,expense,0,1,low
2024-03-25,4783,ACC444,UnknownVendor,Software,HR,expense,0,0,critical
2024-03-24,2740,ACC445,Flipkart,Food,Finance,expense,0,1,low
2024-01-22,1174,ACC446,Swiggy,Office,Operations,expense,0,1,low
2024-02-05,3679,ACC447,UnknownVendor,Electronics,Finance,expense,0,0,critical
2024-01-27,2844,ACC448,Flipkart,Office,Operations,expense,0,1,low
2024-01-07,284480,ACC449,Amazon,Software,Finance,expense,0,1,critical
2024-01-12,3444,ACC450,Swiggy,Food,Operations,expense,0,1,low
2024-01-13,1730,ACC451,UnknownVendor,Electronics,IT,expense,1,0,critical
2024-01-26,3060,ACC452,Flipkart,Food,HR,expense,0,1,low
2024-03-28,3740,ACC453,Amazon,Travel,HR,expense,0,1,low
2024-02-16,3368,ACC454,MakeMyTrip,Software,Finance,expense,0,1,low
2024-01-29,3062,ACC455,MakeMyTrip,Travel,Finance,expense,0,1,low
2024-01-18,4500,ACC456,Flipkart,Travel,IT,expense,0,1,low
2024-01-20,1180,ACC457,Swiggy,Electronics,HR,expense,0,1,low
2024-01-06,4952,ACC458,UnknownVendor,Travel,IT,expense,0,0,critical
2024-03-13,1342,ACC459,UnknownVendor,Office,HR,expense,0,0,critical
2024-01-15,3478,ACC460,UnknownVendor,Software,Operations,expense,0,0,critical
2024-02-25,381,ACC461,Swiggy,Office,Operations,expense,0,1,low
2024-03-18,3596,ACC462,UnknownVendor,Travel,IT,expense,0,0,critical
2024-02-10,4699,ACC463,MakeMyTrip,Food,IT,expense,0,1,low
2024-02-24,3963,ACC464,Flipkart,Software,IT,expense,0,1,low
2024-01-03,2457,ACC465,Uber,Travel,HR,expense,0,1,low
2024-01-28,1471,ACC466,MakeMyTrip,Travel,Finance,expense,0,1,low
2024-01-20,815,ACC467,Uber,Travel,Finance,expense,0,1,low
2024-02-11,1407,ACC468,Flipkart,Food,Finance,expense,0,1,low
2024-03-03,4708,ACC469,Flipkart,Travel,Finance,expense,0,1,low
2024-01-26,485894,ACC470,Uber,Software,Operations,expense,0,1,critical
2024-02-15,565,ACC471,Uber,Electronics,Finance,expense,0,1,low
2024-03-16,2655,ACC472,Flipkart,Food,Operations,expense,0,1,low
2024-03-12,4867,ACC473,Swiggy,Software,Finance,expense,0,1,low
2024-02-15,3733,ACC474,Swiggy,Software,Operations,expense,1,1,medium
2024-01-23,3158,ACC475,Uber,Software,Finance,expense,1,1,medium
2024-02-20,4446,ACC476,UnknownVendor,Software,HR,expense,0,0,critical
2024-03-29,4884,ACC477,UnknownVendor,Travel,Operations,expense,0,0,critical
2024-01-17,4481,ACC478,MakeMyTrip,Office,Operations,expense,0,1,low
2024-03-25,3099,ACC479,MakeMyTrip,Software,HR,expense,0,1,low
2024-01-03,130,ACC480,Uber,Office,HR,expense,1,1,medium
2024-02-25,4575,ACC481,Swiggy,Electronics,Finance,expense,0,1,low
2024-01-18,4883,ACC482,MakeMyTrip,Software,HR,expense,0,1,low
2024-01-25,3716,ACC483,Flipkart,Software,Finance,expense,0,1,low
2024-02-24,1980,ACC484,MakeMyTrip,Office,Operations,expense,0,1,low
2024-01-07,4960,ACC485,Flipkart,Office,Finance,expense,0,1,low
2024-03-14,1583,ACC486,Flipkart,Electronics,HR,expense,0,1,low
2024-03-18,712,ACC487,UnknownVendor,Travel,HR,expense,0,0,critical
2024-01-15,3935,ACC488,Flipkart,Travel,Operations,expense,0,1,low
2024-03-21,3354,ACC489,Flipkart,Electronics,Finance,expense,0,1,low
2024-01-19,1787,ACC490,Swiggy,Food,IT,expense,0,1,low
2024-02-01,3773,ACC491,Swiggy,Office,HR,expense,0,1,low
2024-02-25,677,ACC492,MakeMyTrip,Food,Finance,expense,0,1,low
2024-03-31,1571,ACC493,Uber,Software,Finance,expense,0,1,low
2024-01-03,3089,ACC494,Amazon,Software,Operations,expense,0,1,low
2024-03-08,3029,ACC495,Swiggy,Food,IT,expense,0,1,low
2024-01-19,2348,ACC496,MakeMyTrip,Travel,Finance,expense,0,1,low
2024-01-24,2201,ACC497,MakeMyTrip,Office,IT,expense,0,1,low
2024-03-05,1638,ACC498,Flipkart,Food,HR,expense,0,1,low
2024-02-02,1837,ACC499,Uber,Electronics,HR,expense,0,1,low
2024-01-09,1837,ACC500,Swiggy,Office,Finance,expense,0,1,low
2024-02-15,522,ACC501,Uber,Office,Finance,expense,0,1,low
2024-01-17,759,ACC502,UnknownVendor,Food,Finance,expense,0,0,critical
2024-02-14,695,ACC503,Swiggy,Food,Operations,expense,0,1,low
2024-01-06,4252,ACC504,Flipkart,Software,HR,expense,1,1,medium
2024-01-29,4916,ACC505,Flipkart,Software,HR,expense,0,1,low
2024-03-24,4744,ACC506,Flipkart,Software,Finance,expense,0,1,low
2024-03-08,1185,ACC507,Flipkart,Software,Finance,expense,0,1,low
2024-01-30,3433,ACC508,UnknownVendor,Food,HR,expense,0,0,critical
2024-02-22,3612,ACC509,Uber,Office,HR,expense,0,1,low
2024-02-03,421,ACC510,Flipkart,Travel,HR,expense,0,1,low
2024-01-09,582,ACC511,MakeMyTrip,Office,IT,expense,0,1,low
2024-03-15,3488,ACC512,Amazon,Travel,Operations,expense,0,1,low
2024-01-06,4728,ACC513,Amazon,Electronics,Finance,expense,0,1,low
2024-01-06,591,ACC514,Amazon,Software,HR,expense,0,1,low
2024-03-09,865,ACC515,Uber,Software,Finance,expense,0,1,low
2024-03-30,692,ACC516,MakeMyTrip,Office,HR,expense,0,1,low
2024-02-22,3212,ACC517,Flipkart,Travel,Finance,expense,0,1,low
2024-01-12,3760,ACC518,Flipkart,Travel,Finance,expense,0,1,low
2024-03-10,3153,ACC519,Swiggy,Travel,IT,expense,0,1,low
2024-02-06,3663,ACC520,Uber,Office,Operations,expense,0,1,low
2024-02-05,4991,ACC521,Flipkart,Electronics,HR,expense,0,1,low
2024-03-11,185,ACC522,Swiggy,Electronics,IT,expense,0,1,low
2024-03-10,237,ACC523,Swiggy,Software,Finance,expense,0,1,low
2024-03-09,1676,ACC524,MakeMyTrip,Software,IT,expense,0,1,low
2024-03-23,2431,ACC525,UnknownVendor,Food,Operations,expense,0,0,critical
2024-02-13,4988,ACC526,Amazon,Travel,Operations,expense,0,1,low
2024-03-20,1755,ACC527,Swiggy,Food,Finance,expense,0,1,low
2024-02-15,921,ACC528,Amazon,Food,Operations,expense,0,1,low
2024-01-16,734,ACC529,UnknownVendor,Office,HR,expense,0,0,critical
2024-02-18,832,ACC530,Flipkart,Travel,Finance,expense,0,1,low
2024-01-10,916,ACC531,Swiggy,Food,Finance,expense,0,1,low
2024-01-15,712,ACC532,Flipkart,Electronics,IT,expense,1,1,medium
2024-03-29,555,ACC533,Amazon,Travel,IT,expense,0,1,low
2024-01-06,1890,ACC534,Uber,Travel,Finance,expense,0,1,low
2024-01-11,382,ACC535,Flipkart,Office,Operations,expense,0,1,low
2024-02-15,2282,ACC536,Flipkart,Travel,IT,expense,0,1,low
2024-01-11,2658,ACC537,UnknownVendor,Food,Finance,expense,0,0,critical
2024-03-09,993,ACC538,Amazon,Software,Finance,expense,1,1,medium
2024-03-15,2520,ACC539,Uber,Office,IT,expense,0,1,low
2024-02-01,4863,ACC540,Swiggy,Office,IT,expense,0,1,low
2024-02-12,1875,ACC541,Amazon,Software,Operations,expense,0,1,low
2024-01-14,2102,ACC542,MakeMyTrip,Food,IT,expense,0,1,low
2024-03-22,520227,ACC543,UnknownVendor,Software,HR,expense,0,0,critical
2024-03-31,416,ACC544,MakeMyTrip,Software,Operations,expense,0,1,low
2024-03-01,859965,ACC545,Amazon,Electronics,Finance,expense,0,1,critical
2024-03-19,3563,ACC546,Flipkart,Food,Finance,expense,0,1,low
2024-01-22,494,ACC547,Swiggy,Software,Finance,expense,0,1,low
2024-03-31,1147,ACC548,Swiggy,Software,Finance,expense,0,1,low
2024-02-05,1643,ACC549,MakeMyTrip,Office,IT,expense,0,1,low
2024-03-27,2815,ACC550,MakeMyTrip,Food,Operations,expense,0,1,low
2024-03-01,1919,ACC551,MakeMyTrip,Electronics,IT,expense,0,1,low
2024-02-25,2755,ACC552,Swiggy,Software,HR,expense,0,1,low
2024-01-27,2902,ACC553,Uber,Travel,Operations,expense,0,1,low
2024-03-18,3750,ACC554,Amazon,Food,IT,expense,0,1,low
2024-02-16,2442,ACC555,Swiggy,Electronics,Operations,expense,0,1,low
2024-01-31,445,ACC556,Uber,Electronics,Finance,expense,0,1,low
2024-03-15,3308,ACC557,Amazon,Food,IT,expense,0,1,low
2024-01-20,4125,ACC558,Uber,Software,IT,expense,1,1,medium
2024-02-18,2474,ACC559,MakeMyTrip,Electronics,HR,expense,0,1,low
2024-03-18,4723,ACC560,Amazon,Food,Finance,expense,0,1,low
2024-02-21,1783,ACC561,Flipkart,Office,Operations,expense,0,1,low
2024-02-08,2833,ACC562,UnknownVendor,Software,Finance,expense,0,0,critical
2024-02-27,3336,ACC563,MakeMyTrip,Travel,IT,expense,0,1,low
2024-01-18,385,ACC564,Amazon,Travel,Operations,expense,0,1,low
2024-02-05,485,ACC565,Uber,Office,IT,expense,0,1,low
2024-01-24,1920,ACC566,Uber,Software,Finance,expense,0,1,low
2024-02-18,4834,ACC567,Swiggy,Software,Finance,expense,0,1,low
2024-03-29,4056,ACC568,Swiggy,Travel,IT,expense,0,1,low
2024-03-18,1328,ACC569,Amazon,Food,Operations,expense,0,1,low
2024-03-10,1742,ACC570,UnknownVendor,Electronics,Finance,expense,0,0,critical
2024-01-24,3685,ACC571,Swiggy,Office,Operations,expense,0,1,low
2024-01-11,4780,ACC572,Amazon,Food,HR,expense,0,1,low
2024-01-13,252,ACC573,UnknownVendor,Software,Operations,expense,0,0,critical
2024-02-19,3304,ACC574,Flipkart,Travel,Finance,expense,0,1,low
2024-01-08,4180,ACC575,UnknownVendor,Software,Finance,expense,0,0,critical
2024-02-13,1220,ACC576,Swiggy,Office,Finance,expense,0,1,low
2024-02-15,2798,ACC577,MakeMyTrip,Electronics,HR,expense,0,1,low
2024-01-06,1023,ACC578,Amazon,Software,IT,expense,0,1,low
2024-01-12,4161,ACC579,Amazon,Travel,Finance,expense,0,1,low
2024-01-11,4171,ACC580,Swiggy,Electronics,Operations,expense,0,1,low
2024-02-20,2678,ACC581,Swiggy,Electronics,IT,expense,0,1,low
2024-01-06,3971,ACC582,Swiggy,Electronics,HR,expense,0,1,low
2024-03-19,770230,ACC583,Uber,Food,IT,expense,0,1,critical
2024-02-17,924,ACC584,Swiggy,Travel,HR,expense,0,1,low
2024-02-11,4641,ACC585,MakeMyTrip,Travel,Operations,expense,0,1,low
2024-02-07,852,ACC586,UnknownVendor,Software,Operations,expense,0,0,critical
2024-03-23,1308,ACC587,Flipkart,Food,Operations,expense,0,1,low
2024-01-31,2412,ACC588,Swiggy,Software,HR,expense,0,1,low
2024-01-07,3894,ACC589,Swiggy,Food,Finance,expense,0,1,low
2024-01-21,280,ACC590,Swiggy,Travel,HR,expense,0,1,low
2024-03-14,2043,ACC591,UnknownVendor,Software,Operations,expense,0,0,critical
2024-03-17,1822,ACC592,Uber,Software,Finance,expense,0,1,low
2024-01-24,2261,ACC593,Flipkart,Software,Operations,expense,0,1,low
2024-03-29,2494,ACC594,MakeMyTrip,Software,Finance,expense,0,1,low
2024-01-09,695,ACC595,MakeMyTrip,Food,HR,expense,0,1,low
2024-01-03,3194,ACC596,UnknownVendor,Food,HR,expense,0,0,critical
2024-02-29,1371,ACC597,MakeMyTrip,Software,Finance,expense,0,1,low
2024-03-30,2547,ACC598,MakeMyTrip,Travel,Finance,expense,0,1,low
2024-01-19,1218,ACC599,Swiggy,Food,IT,expense,0,1,low
2024-01-21,1298,ACC600,Amazon,Travel,HR,expense,1,1,medium
2024-03-04,2920,ACC601,Uber,Travel,Operations,expense,0,1,low
2024-01-07,3266,ACC602,Flipkart,Food,Operations,expense,0,1,low
2024-01-19,2515,ACC603,Uber,Electronics,Finance,expense,1,1,medium
2024-03-11,2687,ACC604,UnknownVendor,Travel,IT,expense,0,0,critical
2024-02-06,1384,ACC605,Flipkart,Software,HR,expense,0,1,low
2024-03-01,1572,ACC606,Swiggy,Food,HR,expense,0,1,low
2024-03-16,3602,ACC607,Amazon,Travel,HR,expense,0,1,low
2024-03-04,1878,ACC608,Uber,Food,HR,expense,0,1,low
2024-01-06,2561,ACC609,Amazon,Office,IT,expense,0,1,low
2024-02-06,4991,ACC610,Uber,Travel,Operations,expense,0,1,low
2024-01-31,1281,ACC611,Flipkart,Software,HR,expense,0,1,low
2024-02-12,4355,ACC612,Amazon,Electronics,Finance,expense,0,1,low
2024-01-19,88511,ACC613,Uber,Travel,Finance,expense,0,1,critical
2024-03-17,4004,ACC614,Flipkart,Software,HR,expense,0,1,low
2024-02-04,2778,ACC615,Flipkart,Office,IT,expense,0,1,low
2024-01-22,1777,ACC616,Flipkart,Electronics,HR,expense,0,1,low
2024-01-06,4073,ACC617,Flipkart,Software,Finance,expense,0,1,low
2024-01-16,4515,ACC618,MakeMyTrip,Software,HR,expense,0,1,low
2024-02-07,62,ACC619,Uber,Travel,Finance,expense,0,1,low
2024-03-20,1252,ACC620,UnknownVendor,Travel,IT,expense,0,0,critical
2024-01-22,1305,ACC621,Swiggy,Software,IT,expense,0,1,low
2024-01-07,2562,ACC622,Swiggy,Food,Operations,expense,0,1,low
2024-01-17,2380,ACC623,Uber,Office,Operations,expense,0,1,low
2024-02-18,3017,ACC624,Amazon,Electronics,HR,expense,0,1,low
2024-01-15,1910,ACC625,Uber,Food,Operations,expense,0,1,low
2024-02-07,291,ACC626,Uber,Electronics,IT,expense,0,1,low
2024-03-15,676,ACC627,MakeMyTrip,Software,IT,expense,0,1,low
2024-03-07,2170,ACC628,UnknownVendor,Electronics,Finance,expense,0,0,critical
2024-01-26,4013,ACC629,Amazon,Electronics,Finance,expense,0,1,low
2024-01-24,362,ACC630,UnknownVendor,Food,Finance,expense,0,0,critical
2024-01-09,493,ACC631,Swiggy,Software,HR,expense,0,1,low
2024-02-19,293,ACC632,Amazon,Food,IT,expense,0,1,low
2024-01-31,202,ACC633,Swiggy,Office,IT,expense,0,1,low
2024-01-24,4615,ACC634,MakeMyTrip,Office,Finance,expense,0,1,low
2024-03-03,2749,ACC635,Flipkart,Office,IT,expense,0,1,low
2024-03-23,3636,ACC636,Swiggy,Office,Finance,expense,1,1,medium
2024-03-22,2093,ACC637,Flipkart,Food,Finance,expense,0,1,low
2024-02-28,876,ACC638,Flipkart,Food,Finance,expense,0,1,low
2024-01-16,189,ACC639,UnknownVendor,Travel,HR,expense,0,0,critical
2024-02-03,502172,ACC640,UnknownVendor,Electronics,HR,expense,0,0,critical
2024-01-19,255628,ACC641,Uber,Software,Finance,expense,0,1,critical
2024-01-29,81361,ACC642,Flipkart,Travel,Operations,expense,0,1,critical
2024-02-13,1293,ACC643,Swiggy,Electronics,Operations,expense,0,1,low
2024-02-21,2103,ACC644,UnknownVendor,Electronics,Operations,expense,0,0,critical
2024-02-26,4583,ACC645,Amazon,Travel,IT,expense,0,1,low
2024-01-05,4862,ACC646,UnknownVendor,Electronics,IT,expense,0,0,critical
2024-03-04,202,ACC647,Flipkart,Office,HR,expense,0,1,low
2024-01-28,3584,ACC648,MakeMyTrip,Software,HR,expense,0,1,low
2024-03-12,1646,ACC649,Flipkart,Software,IT,expense,0,1,low
2024-03-26,4613,ACC650,Swiggy,Electronics,Operations,expense,0,1,low
2024-01-11,4739,ACC651,Flipkart,Food,IT,expense,0,1,low
2024-03-02,3721,ACC652,MakeMyTrip,Office,HR,expense,0,1,low
2024-01-15,4017,ACC653,Swiggy,Software,IT,expense,0,1,low
2024-03-19,1593,ACC654,UnknownVendor,Software,HR,expense,0,0,critical
2024-02-09,93,ACC655,UnknownVendor,Software,Finance,expense,0,0,critical
2024-02-20,3940,ACC656,Flipkart,Travel,HR,expense,0,1,low
2024-02-21,3246,ACC657,Amazon,Office,HR,expense,0,1,low
2024-02-21,3707,ACC658,MakeMyTrip,Food,HR,expense,0,1,low
2024-01-19,4813,ACC659,MakeMyTrip,Food,IT,expense,0,1,low
2024-03-19,1484,ACC660,Flipkart,Electronics,HR,expense,0,1,low
2024-03-08,3489,ACC661,Swiggy,Electronics,HR,expense,0,1,low
2024-03-24,3114,ACC662,UnknownVendor,Electronics,IT,expense,0,0,critical
2024-01-10,3848,ACC663,UnknownVendor,Software,IT,expense,0,0,critical
2024-02-20,1864,ACC664,Amazon,Electronics,Operations,expense,0,1,low
2024-01-11,4372,ACC665,Flipkart,Software,IT,expense,0,1,low
2024-03-11,4841,ACC666,Uber,Software,Finance,expense,0,1,low
2024-01-13,135,ACC667,Flipkart,Travel,Operations,expense,0,1,low
2024-01-27,2006,ACC668,Flipkart,Food,IT,expense,0,1,low
2024-01-07,568,ACC669,Swiggy,Electronics,IT,expense,0,1,low
2024-03-27,4410,ACC670,MakeMyTrip,Travel,IT,expense,0,1,low
2024-01-01,980,ACC671,UnknownVendor,Software,Operations,expense,0,0,critical
2024-02-29,3703,ACC672,UnknownVendor,Food,Operations,expense,0,0,critical
2024-01-21,1297,ACC673,MakeMyTrip,Electronics,Finance,expense,1,1,medium
2024-03-13,81,ACC674,Uber,Office,Finance,expense,0,1,low
2024-03-01,3137,ACC675,Swiggy,Software,IT,expense,0,1,low
2024-02-25,3058,ACC676,MakeMyTrip,Food,IT,expense,0,1,low
2024-02-28,3863,ACC677,Uber,Electronics,HR,expense,0,1,low
2024-01-20,264816,ACC678,Swiggy,Software,HR,expense,0,1,critical
2024-03-28,3608,ACC679,Swiggy,Food,Operations,expense,0,1,low
2024-02-07,1906,ACC680,Flipkart,Food,IT,expense,1,1,medium
2024-01-19,822,ACC681,Swiggy,Software,Finance,expense,0,1,low
2024-03-08,2816,ACC682,UnknownVendor,Software,HR,expense,0,0,critical
2024-02-17,141,ACC683,MakeMyTrip,Electronics,IT,expense,0,1,low
2024-03-04,1177,ACC684,Uber,Software,IT,expense,0,1,low
2024-03-09,2298,ACC685,MakeMyTrip,Office,IT,expense,0,1,low
2024-03-26,2529,ACC686,Flipkart,Electronics,IT,expense,0,1,low
2024-03-13,4901,ACC687,Flipkart,Electronics,Operations,expense,0,1,low
2024-01-04,4331,ACC688,Flipkart,Food,Operations,expense,0,1,low
2024-01-13,4787,ACC689,MakeMyTrip,Office,IT,expense,0,1,low
2024-03-25,4096,ACC690,Amazon,Food,Finance,expense,0,1,low
2024-03-02,1269,ACC691,Swiggy,Electronics,Operations,expense,0,1,low
2024-02-04,69815,ACC692,UnknownVendor,Office,Operations,expense,0,0,critical
2024-03-15,4006,ACC693,Swiggy,Food,IT,expense,0,1,low
2024-03-18,4877,ACC694,Swiggy,Electronics,Finance,expense,0,1,low
2024-02-27,2621,ACC695,Amazon,Software,IT,expense,0,1,low
2024-03-07,631649,ACC696,Flipkart,Office,IT,expense,0,1,critical
2024-01-06,3563,ACC697,Swiggy,Travel,Operations,expense,0,1,low
2024-01-03,2100,ACC698,UnknownVendor,Software,Operations,expense,0,0,critical
2024-01-18,348,ACC699,Uber,Electronics,Operations,expense,0,1,low
2024-03-10,1763,ACC700,Uber,Electronics,Operations,expense,0,1,low
2024-01-14,3065,ACC701,Swiggy,Travel,Finance,expense,0,1,low
2024-02-02,3902,ACC702,MakeMyTrip,Software,HR,expense,0,1,low
2024-01-13,3940,ACC703,Uber,Office,Operations,expense,0,1,low
2024-03-31,1780,ACC704,MakeMyTrip,Electronics,IT,expense,0,1,low
2024-02-03,3819,ACC705,Swiggy,Food,HR,expense,0,1,low
2024-03-27,3398,ACC706,Uber,Electronics,IT,expense,1,1,medium
2024-02-16,180026,ACC707,Uber,Travel,HR,expense,0,1,critical
2024-03-23,2327,ACC708,Flipkart,Travel,IT,expense,0,1,low
2024-03-08,3797,ACC709,Flipkart,Food,Operations,expense,0,1,low
2024-03-30,2833,ACC710,UnknownVendor,Office,Finance,expense,1,0,critical
2024-02-09,3001,ACC711,MakeMyTrip,Software,Operations,expense,0,1,low
2024-01-17,3305,ACC712,UnknownVendor,Office,IT,expense,0,0,critical
2024-03-08,351,ACC713,Amazon,Electronics,Operations,expense,0,1,low
2024-02-21,4609,ACC714,Flipkart,Food,HR,expense,0,1,low
2024-03-21,2721,ACC715,Uber,Office,Finance,expense,0,1,low
2024-02-06,54,ACC716,Uber,Food,HR,expense,1,1,medium
2024-02-16,2130,ACC717,Swiggy,Office,Finance,expense,0,1,low
2024-03-30,1023,ACC718,UnknownVendor,Office,IT,expense,0,0,critical
2024-02-14,3448,ACC719,Amazon,Office,IT,expense,0,1,low
2024-02-15,2281,ACC720,Swiggy,Electronics,IT,expense,0,1,low
2024-02-22,4712,ACC721,UnknownVendor,Office,Operations,expense,0,0,critical
2024-01-08,776,ACC722,MakeMyTrip,Software,Finance,expense,0,1,low
2024-01-18,3414,ACC723,Uber,Food,Operations,expense,0,1,low
2024-01-02,4619,ACC724,Uber,Travel,HR,expense,1,1,medium
2024-01-08,4201,ACC725,Amazon,Travel,IT,expense,0,1,low
2024-01-26,4145,ACC726,Swiggy,Office,Finance,expense,0,1,low
2024-02-22,192,ACC727,UnknownVendor,Software,Operations,expense,0,0,critical
2024-03-01,2941,ACC728,Flipkart,Office,Operations,expense,0,1,low
2024-03-07,1496,ACC729,Amazon,Electronics,IT,expense,0,1,low
2024-02-26,2013,ACC730,Uber,Travel,Finance,expense,0,1,low
2024-01-08,1832,ACC731,Uber,Food,HR,expense,0,1,low
2024-01-10,1710,ACC732,Flipkart,Software,Operations,expense,0,1,low
2024-02-26,2180,ACC733,Swiggy,Electronics,Finance,expense,0,1,low
2024-01-25,591,ACC734,Amazon,Electronics,HR,expense,0,1,low
2024-02-17,4318,ACC735,Uber,Food,Operations,expense,0,1,low
2024-03-24,4566,ACC736,Amazon,Electronics,Finance,expense,0,1,low
2024-02-05,1432,ACC737,Flipkart,Food,HR,expense,0,1,low
2024-03-24,3893,ACC738,Amazon,Office,IT,expense,0,1,low
2024-01-07,3445,ACC739,MakeMyTrip,Office,Finance,expense,0,1,low
2024-03-20,4845,ACC740,Swiggy,Travel,Operations,expense,0,1,low
2024-03-11,4939,ACC741,UnknownVendor,Software,Operations,expense,0,0,critical
2024-03-14,2793,ACC742,MakeMyTrip,Travel,IT,expense,0,1,low
2024-03-24,734449,ACC743,Swiggy,Food,Finance,expense,0,1,critical
2024-03-29,3826,ACC744,Swiggy,Food,HR,expense,0,1,low
2024-02-01,2326,ACC745,Swiggy,Office,Operations,expense,0,1,low
2024-02-04,1640,ACC746,Swiggy,Travel,IT,expense,0,1,low
2024-03-21,4126,ACC747,Swiggy,Office,HR,expense,0,1,low
2024-02-03,2919,ACC748,Swiggy,Office,Finance,expense,0,1,low
2024-01-23,4496,ACC749,UnknownVendor,Food,IT,expense,0,0,critical
2024-01-28,3151,ACC750,Flipkart,Electronics,IT,expense,0,1,low
2024-02-05,1252,ACC751,Amazon,Software,IT,expense,0,1,low
2024-03-23,733,ACC752,Uber,Software,Operations,expense,0,1,low
2024-02-24,156,ACC753,Amazon,Food,Operations,expense,1,1,medium
2024-03-10,3029,ACC754,MakeMyTrip,Food,IT,expense,0,1,low
2024-03-30,601,ACC755,Uber,Electronics,HR,expense,0,1,low
2024-01-26,3109,ACC756,MakeMyTrip,Electronics,IT,expense,0,1,low
2024-03-19,3884,ACC757,MakeMyTrip,Electronics,HR,expense,0,1,low
2024-03-07,62,ACC758,UnknownVendor,Food,IT,expense,0,0,critical
2024-03-18,1798,ACC759,Flipkart,Software,Finance,expense,0,1,low
2024-03-02,2308,ACC760,Amazon,Software,Operations,expense,0,1,low
2024-01-27,668,ACC761,MakeMyTrip,Office,HR,expense,0,1,low
2024-02-04,1406,ACC762,Flipkart,Travel,Finance,expense,0,1,low
2024-03-24,3754,ACC763,Flipkart,Travel,HR,expense,0,1,low
2024-03-23,335,ACC764,Amazon,Software,HR,expense,0,1,low
2024-02-27,3195,ACC765,Swiggy,Electronics,HR,expense,0,1,low
2024-01-08,2214,ACC766,UnknownVendor,Travel,HR,expense,0,0,critical
2024-02-05,413,ACC767,MakeMyTrip,Office,Finance,expense,0,1,low
2024-02-25,4736,ACC768,UnknownVendor,Electronics,Operations,expense,0,0,critical
2024-03-10,2835,ACC769,MakeMyTrip,Travel,Operations,expense,0,1,low
2024-02-23,4699,ACC770,Swiggy,Travel,IT,expense,1,1,medium
2024-03-08,2713,ACC771,Amazon,Travel,HR,expense,0,1,low
2024-02-11,4465,ACC772,MakeMyTrip,Travel,HR,expense,0,1,low
2024-03-15,4594,ACC773,MakeMyTrip,Office,Finance,expense,0,1,low
2024-03-08,634360,ACC774,UnknownVendor,Electronics,Operations,expense,0,0,critical
2024-02-18,4982,ACC775,UnknownVendor,Food,HR,expense,0,0,critical
2024-01-23,1259,ACC776,Amazon,Travel,IT,expense,0,1,low
2024-01-15,2265,ACC777,UnknownVendor,Electronics,HR,expense,0,0,critical
2024-01-10,420,ACC778,Swiggy,Food,IT,expense,0,1,low
2024-01-04,288,ACC779,Uber,Software,Operations,expense,0,1,low
2024-03-15,1628,ACC780,Flipkart,Food,Operations,expense,0,1,low
2024-02-19,3931,ACC781,Flipkart,Food,HR,expense,0,1,low
2024-01-30,4624,ACC782,Flipkart,Software,IT,expense,0,1,low
2024-02-17,225,ACC783,Amazon,Food,Operations,expense,0,1,low
2024-03-05,1682,ACC784,Uber,Food,Finance,expense,0,1,low
2024-02-03,1354,ACC785,MakeMyTrip,Electronics,Finance,expense,0,1,low
2024-02-24,4477,ACC786,Flipkart,Food,Finance,expense,0,1,low
2024-03-20,2576,ACC787,Uber,Food,IT,expense,0,1,low
2024-01-11,424,ACC788,MakeMyTrip,Food,Finance,expense,0,1,low
2024-02-08,3350,ACC789,UnknownVendor,Electronics,HR,expense,0,0,critical
2024-01-29,4164,ACC790,MakeMyTrip,Software,HR,expense,0,1,low
2024-02-09,2834,ACC791,Amazon,Office,HR,expense,0,1,low
2024-02-07,3732,ACC792,UnknownVendor,Office,Operations,expense,0,0,critical
2024-01-24,3864,ACC793,Flipkart,Software,Finance,expense,0,1,low
2024-03-21,729,ACC794,Amazon,Food,IT,expense,0,1,low
2024-03-01,2660,ACC795,Swiggy,Electronics,Operations,expense,0,1,low
2024-01-08,2262,ACC796,Amazon,Office,Finance,expense,0,1,low
2024-02-22,2727,ACC797,Amazon,Food,IT,expense,0,1,low
2024-02-20,4335,ACC798,Amazon,Travel,IT,expense,0,1,low
2024-03-08,324124,ACC799,UnknownVendor,Food,Finance,expense,0,0,critical
2024-01-03,2585,ACC800,Swiggy,Software,IT,expense,0,1,low
2024-02-15,2459,ACC801,Uber,Software,Operations,expense,0,1,low
2024-02-09,3503,ACC802,Amazon,Food,Operations,expense,0,1,low
2024-03-06,3339,ACC803,UnknownVendor,Office,IT,expense,0,0,critical
2024-03-13,1345,ACC804,Amazon,Travel,IT,expense,0,1,low
2024-01-06,1757,ACC805,Flipkart,Electronics,Operations,expense,0,1,low
2024-01-20,456,ACC806,MakeMyTrip,Travel,Operations,expense,0,1,low
2024-03-07,1384,ACC807,Uber,Travel,Finance,expense,0,1,low
2024-01-18,1410,ACC808,Flipkart,Electronics,Finance,expense,0,1,low
2024-01-29,2043,ACC809,Flipkart,Electronics,IT,expense,0,1,low
2024-03-30,1675,ACC810,Uber,Travel,Finance,expense,0,1,low
2024-02-21,552,ACC811,Amazon,Travel,Finance,expense,0,1,low
2024-02-04,1297,ACC812,UnknownVendor,Electronics,Finance,expense,0,0,critical
2024-02-02,2624,ACC813,UnknownVendor,Office,Finance,expense,0,0,critical
2024-01-27,3871,ACC814,Uber,Food,HR,expense,0,1,low
2024-03-19,1386,ACC815,Flipkart,Office,HR,expense,0,1,low
2024-03-27,424,ACC816,Uber,Office,IT,expense,1,1,medium
2024-01-05,920,ACC817,Amazon,Electronics,HR,expense,0,1,low
2024-01-27,3469,ACC818,Amazon,Office,HR,expense,0,1,low
2024-02-13,4606,ACC819,Uber,Food,HR,expense,0,1,low
2024-03-07,2953,ACC820,MakeMyTrip,Software,IT,expense,1,1,medium
2024-01-07,618411,ACC821,Flipkart,Travel,HR,expense,0,1,critical
2024-02-24,4976,ACC822,Uber,Office,IT,expense,0,1,low
2024-03-05,4760,ACC823,Swiggy,Electronics,Operations,expense,0,1,low
2024-01-26,1361,ACC824,Amazon,Software,Finance,expense,0,1,low
2024-02-01,2988,ACC825,Uber,Electronics,Operations,expense,0,1,low
2024-03-24,293,ACC826,Uber,Office,HR,expense,0,1,low
2024-02-05,1205,ACC827,Flipkart,Software,IT,expense,0,1,low
2024-01-11,165,ACC828,Uber,Electronics,Operations,expense,0,1,low
2024-02-01,1203,ACC829,Uber,Travel,Finance,expense,0,1,low
2024-02-17,2287,ACC830,Amazon,Food,IT,expense,1,1,medium
2024-01-24,642,ACC831,Amazon,Software,Operations,expense,0,1,low
2024-03-25,581,ACC832,Swiggy,Travel,IT,expense,0,1,low
2024-03-28,3290,ACC833,Swiggy,Food,IT,expense,0,1,low
2024-03-14,4586,ACC834,UnknownVendor,Electronics,HR,expense,0,0,critical
2024-01-25,3342,ACC835,UnknownVendor,Software,Finance,expense,0,0,critical
2024-03-01,280,ACC836,Swiggy,Food,Finance,expense,0,1,low
2024-03-22,4985,ACC837,Uber,Software,Finance,expense,0,1,low
2024-03-09,3078,ACC838,Flipkart,Office,HR,expense,1,1,medium
2024-03-19,3623,ACC839,Flipkart,Travel,HR,expense,0,1,low
2024-03-31,3878,ACC840,Flipkart,Electronics,IT,expense,0,1,low
2024-03-13,436,ACC841,Flipkart,Electronics,Finance,expense,0,1,low
2024-01-14,239934,ACC842,UnknownVendor,Electronics,HR,expense,0,0,critical
2024-02-06,3642,ACC843,UnknownVendor,Software,Operations,expense,0,0,critical
2024-03-06,2504,ACC844,UnknownVendor,Electronics,HR,expense,0,0,critical
2024-03-20,1071,ACC845,Amazon,Office,Finance,expense,0,1,low
2024-01-22,1332,ACC846,UnknownVendor,Food,IT,expense,0,0,critical
2024-02-20,359494,ACC847,Flipkart,Office,Finance,expense,0,1,critical
2024-03-05,1027,ACC848,Swiggy,Software,Operations,expense,0,1,low
2024-03-12,1168,ACC849,UnknownVendor,Food,HR,expense,0,0,critical
2024-02-10,3937,ACC850,UnknownVendor,Software,Operations,expense,0,0,critical
2024-01-04,3303,ACC851,Flipkart,Software,HR,expense,0,1,low
2024-03-27,790611,ACC852,Flipkart,Office,Finance,expense,0,1,critical
2024-02-29,4369,ACC853,MakeMyTrip,Travel,HR,expense,0,1,low
2024-01-06,843,ACC854,UnknownVendor,Software,IT,expense,1,0,critical
2024-02-03,469,ACC855,Amazon,Software,HR,expense,0,1,low
2024-03-10,3988,ACC856,Flipkart,Electronics,Finance,expense,0,1,low
2024-03-05,229,ACC857,MakeMyTrip,Office,Finance,expense,0,1,low
2024-02-10,1511,ACC858,Amazon,Electronics,HR,expense,0,1,low
2024-03-28,3567,ACC859,UnknownVendor,Office,HR,expense,0,0,critical
2024-02-15,4746,ACC860,MakeMyTrip,Software,IT,expense,0,1,low
2024-03-31,4700,ACC861,Flipkart,Office,Finance,expense,0,1,low
2024-01-11,4779,ACC862,Swiggy,Electronics,Finance,expense,0,1,low
2024-03-15,707,ACC863,Uber,Software,Finance,expense,0,1,low
2024-03-07,2740,ACC864,Amazon,Electronics,Finance,expense,0,1,low
2024-03-24,4294,ACC865,UnknownVendor,Travel,HR,expense,0,0,critical
2024-02-18,1613,ACC866,UnknownVendor,Software,IT,expense,0,0,critical
2024-01-12,4623,ACC867,Amazon,Software,Operations,expense,0,1,low
2024-02-28,1832,ACC868,Flipkart,Food,Finance,expense,1,1,medium
2024-01-12,1064,ACC869,Flipkart,Office,HR,expense,0,1,low
2024-01-16,438,ACC870,Flipkart,Travel,IT,expense,0,1,low
2024-02-18,3215,ACC871,Swiggy,Travel,Operations,expense,1,1,medium
2024-02-04,2329,ACC872,UnknownVendor,Travel,Operations,expense,0,0,critical
2024-02-13,1808,ACC873,Amazon,Office,IT,expense,0,1,low
2024-01-11,3920,ACC874,Swiggy,Food,HR,expense,0,1,low
2024-02-01,444451,ACC875,UnknownVendor,Office,Finance,expense,0,0,critical
2024-03-11,1717,ACC876,Flipkart,Office,Operations,expense,0,1,low
2024-03-19,2871,ACC877,Flipkart,Office,Finance,expense,0,1,low
2024-03-23,705,ACC878,Uber,Software,HR,expense,0,1,low
2024-01-20,291,ACC879,Flipkart,Food,Finance,expense,0,1,low
2024-01-31,3797,ACC880,Swiggy,Office,HR,expense,0,1,low
2024-02-28,3783,ACC881,Uber,Software,HR,expense,0,1,low
2024-03-11,1645,ACC882,UnknownVendor,Electronics,Operations,expense,0,0,critical
2024-01-17,2860,ACC883,UnknownVendor,Software,IT,expense,0,0,critical
2024-02-16,4706,ACC884,UnknownVendor,Travel,Operations,expense,0,0,critical
2024-03-20,1816,ACC885,UnknownVendor,Electronics,IT,expense,0,0,critical
2024-01-10,514451,ACC886,UnknownVendor,Office,IT,expense,0,0,critical
2024-02-24,4734,ACC887,Swiggy,Electronics,HR,expense,0,1,low
2024-03-14,3133,ACC888,Amazon,Office,Operations,expense,0,1,low
2024-03-28,2709,ACC889,Swiggy,Electronics,HR,expense,0,1,low
2024-02-13,379560,ACC890,Uber,Office,IT,expense,1,1,critical
2024-03-10,4854,ACC891,Flipkart,Travel,HR,expense,0,1,low
2024-01-30,3464,ACC892,Swiggy,Software,Operations,expense,0,1,low
2024-03-18,3449,ACC893,Flipkart,Office,IT,expense,0,1,low
2024-02-20,4688,ACC894,Amazon,Electronics,HR,expense,0,1,low
2024-01-12,4823,ACC895,Amazon,Food,Finance,expense,1,1,medium
2024-02-09,643,ACC896,Swiggy,Travel,Operations,expense,0,1,low
2024-02-29,590,ACC897,UnknownVendor,Travel,IT,expense,0,0,critical
2024-03-13,1409,ACC898,Amazon,Food,Finance,expense,0,1,low
2024-02-03,4047,ACC899,Swiggy,Office,Finance,expense,1,1,medium
2024-02-12,383785,ACC900,Uber,Software,Operations,expense,0,1,critical
2024-03-31,172,ACC901,Uber,Office,HR,expense,0,1,low
2024-01-18,516,ACC902,Uber,Travel,IT,expense,0,1,low
2024-01-23,1769,ACC903,MakeMyTrip,Software,Finance,expense,0,1,low
2024-02-19,351471,ACC904,Swiggy,Food,IT,expense,0,1,critical
2024-02-21,2054,ACC905,Flipkart,Travel,IT,expense,0,1,low
2024-02-14,2733,ACC906,Flipkart,Travel,Operations,expense,0,1,low
2024-03-17,4033,ACC907,UnknownVendor,Food,IT,expense,0,0,critical
2024-02-02,2726,ACC908,Amazon,Electronics,Finance,expense,0,1,low
2024-03-07,3841,ACC909,Swiggy,Software,HR,expense,0,1,low
2024-02-19,4947,ACC910,MakeMyTrip,Travel,IT,expense,0,1,low
2024-01-31,654754,ACC911,UnknownVendor,Food,IT,expense,0,0,critical
2024-03-16,906621,ACC912,MakeMyTrip,Office,Operations,expense,0,1,critical
2024-03-10,3786,ACC913,Uber,Travel,Finance,expense,0,1,low
2024-02-15,3830,ACC914,MakeMyTrip,Office,IT,expense,0,1,low
2024-01-20,4654,ACC915,MakeMyTrip,Office,IT,expense,0,1,low
2024-01-25,1800,ACC916,Uber,Electronics,HR,expense,0,1,low
2024-03-07,349,ACC917,Swiggy,Software,IT,expense,0,1,low
2024-03-05,2892,ACC918,Uber,Electronics,IT,expense,0,1,low
2024-02-26,123,ACC919,Swiggy,Travel,Finance,expense,0,1,low
2024-03-06,1775,ACC920,Uber,Office,IT,expense,0,1,low
2024-02-16,3599,ACC921,Amazon,Software,HR,expense,0,1,low
2024-02-14,3944,ACC922,Amazon,Office,HR,expense,0,1,low
2024-02-29,1539,ACC923,Amazon,Food,IT,expense,0,1,low
2024-02-12,3711,ACC924,MakeMyTrip,Software,IT,expense,0,1,low
2024-01-10,2600,ACC925,UnknownVendor,Electronics,Finance,expense,0,0,critical
2024-01-05,4101,ACC926,Flipkart,Travel,IT,expense,0,1,low
2024-03-14,4929,ACC927,Flipkart,Office,Finance,expense,0,1,low
2024-01-03,434780,ACC928,Amazon,Software,IT,expense,0,1,critical
2024-01-09,2526,ACC929,UnknownVendor,Electronics,Operations,expense,0,0,critical
2024-01-28,3124,ACC930,Amazon,Electronics,HR,expense,0,1,low
2024-01-10,3889,ACC931,Swiggy,Office,Operations,expense,0,1,low
2024-02-07,3253,ACC932,Amazon,Software,Operations,expense,0,1,low
2024-02-12,1097,ACC933,Uber,Electronics,Operations,expense,0,1,low
2024-01-14,3593,ACC934,UnknownVendor,Travel,Operations,expense,0,0,critical
2024-02-29,3518,ACC935,Uber,Food,Operations,expense,0,1,low
2024-02-27,4870,ACC936,Flipkart,Food,IT,expense,0,1,low
2024-03-05,4393,ACC937,UnknownVendor,Electronics,IT,expense,0,0,critical
2024-02-26,2452,ACC938,MakeMyTrip,Food,Finance,expense,1,1,medium
2024-01-07,427954,ACC939,Uber,Software,IT,expense,0,1,critical
2024-02-29,4717,ACC940,UnknownVendor,Electronics,HR,expense,0,0,critical
2024-03-06,1605,ACC941,Uber,Office,IT,expense,0,1,low
2024-01-31,1410,ACC942,Flipkart,Electronics,Finance,expense,0,1,low
2024-02-06,4558,ACC943,UnknownVendor,Food,Finance,expense,0,0,critical
2024-01-08,398,ACC944,UnknownVendor,Food,HR,expense,0,0,critical
2024-02-15,2644,ACC945,MakeMyTrip,Electronics,Operations,expense,0,1,low
2024-01-09,1351,ACC946,Amazon,Electronics,Finance,expense,1,1,medium
2024-01-09,327,ACC947,Flipkart,Food,Finance,expense,0,1,low
2024-03-30,4541,ACC948,Uber,Travel,Operations,expense,0,1,low
2024-01-16,738,ACC949,Flipkart,Travel,Finance,expense,0,1,low
2024-02-25,2561,ACC950,Amazon,Software,Finance,expense,0,1,low
2024-01-12,592,ACC951,MakeMyTrip,Software,IT,expense,0,1,low
2024-03-06,4244,ACC952,Swiggy,Software,IT,expense,0,1,low
2024-02-01,19450,ACC953,Amazon,Software,HR,expense,0,1,high
2024-03-20,2305,ACC954,Flipkart,Electronics,Finance,expense,0,1,low
2024-03-02,1269,ACC955,Flipkart,Electronics,Operations,expense,0,1,low
2024-03-20,3174,ACC956,Flipkart,Food,HR,expense,0,1,low
2024-02-07,2373,ACC957,Amazon,Travel,Finance,expense,1,1,medium
2024-03-31,3028,ACC958,UnknownVendor,Food,Finance,expense,0,0,critical
2024-03-21,2303,ACC959,Uber,Travel,Operations,expense,0,1,low
2024-02-25,3436,ACC960,UnknownVendor,Food,HR,expense,0,0,critical
2024-03-19,1831,ACC961,Amazon,Software,Finance,expense,0,1,low
2024-01-14,2115,ACC962,Uber,Travel,Operations,expense,0,1,low
2024-03-09,3780,ACC963,Uber,Office,Operations,expense,0,1,low
2024-01-23,374108,ACC964,Flipkart,Office,HR,expense,0,1,critical
2024-02-26,4011,ACC965,Amazon,Software,Operations,expense,0,1,low
2024-01-24,1868,ACC966,Amazon,Food,IT,expense,0,1,low
2024-03-05,3758,ACC967,Swiggy,Travel,IT,expense,0,1,low
2024-01-23,3733,ACC968,MakeMyTrip,Software,Finance,expense,0,1,low
2024-02-24,3271,ACC969,Amazon,Travel,Finance,expense,0,1,low
2024-01-03,749,ACC970,Swiggy,Electronics,Finance,expense,0,1,low
2024-03-22,2806,ACC971,Flipkart,Food,IT,expense,0,1,low
2024-01-31,2447,ACC972,Amazon,Electronics,Operations,expense,0,1,low
2024-03-23,1255,ACC973,Amazon,Food,HR,expense,0,1,low
2024-01-22,1362,ACC974,Swiggy,Travel,IT,expense,0,1,low
2024-01-25,849995,ACC975,UnknownVendor,Electronics,IT,expense,1,0,critical
2024-03-01,1326,ACC976,Amazon,Travel,HR,expense,0,1,low
2024-01-08,2398,ACC977,UnknownVendor,Office,IT,expense,0,0,critical
2024-03-04,4159,ACC978,Amazon,Travel,HR,expense,0,1,low
2024-03-16,3381,ACC979,Swiggy,Office,Operations,expense,0,1,low
2024-02-10,4144,ACC980,Swiggy,Office,Operations,expense,0,1,low
2024-01-29,1734,ACC981,UnknownVendor,Office,Operations,expense,0,0,critical
2024-03-20,2983,ACC982,Swiggy,Software,HR,expense,0,1,low
2024-03-25,4608,ACC983,Swiggy,Electronics,IT,expense,0,1,low
2024-02-08,4146,ACC984,Flipkart,Office,IT,expense,0,1,low
2024-01-24,4678,ACC985,UnknownVendor,Software,HR,expense,0,0,critical
2024-02-09,2626,ACC986,Flipkart,Software,IT,expense,0,1,low
2024-03-13,3242,ACC987,Flipkart,Food,IT,expense,0,1,low
2024-03-14,3879,ACC988,Uber,Software,Operations,expense,0,1,low
2024-01-24,382,ACC989,Uber,Food,HR,expense,0,1,low
2024-03-09,658,ACC990,MakeMyTrip,Travel,Finance,expense,0,1,low
2024-03-15,4956,ACC991,Amazon,Electronics,IT,expense,0,1,low
2024-01-16,477,ACC992,UnknownVendor,Electronics,IT,expense,0,0,critical
2024-03-06,627,ACC993,MakeMyTrip,Food,HR,expense,0,1,low
2024-03-21,3390,ACC994,MakeMyTrip,Software,IT,expense,1,1,medium
2024-02-22,1098,ACC995,UnknownVendor,Food,Operations,expense,0,0,critical
2024-02-28,3504,ACC996,MakeMyTrip,Electronics,Operations,expense,0,1,low
2024-02-26,2972,ACC997,MakeMyTrip,Travel,Operations,expense,0,1,low
2024-02-10,2787,ACC998,UnknownVendor,Electronics,IT,expense,0,0,critical
2024-02-10,2443,ACC999,Amazon,Food,HR,expense,0,1,low
